Node,Type,Community
1,0,0
1,1,0
2,0,1
2,1,1
3,0,2
3,1,2
4,0,3
4,1,3
5,0,4
5,1,4
6,0,5
6,1,5
7,0,6
7,1,6
8,0,7
8,1,7
9,0,8
9,1,8
10,0,9
10,1,9
12,0,10
12,1,10
14,0,11
14,1,11
15,0,12
15,1,12
17,0,13
17,1,13
18,0,14
18,1,14
22,0,15
22,1,15
23,0,16
23,1,16
24,0,17
24,1,17
25,0,18
25,1,18
27,0,19
27,1,19
28,0,20
28,1,20
29,0,21
29,1,21
30,0,22
30,1,22
31,0,23
31,1,23
32,0,24
32,1,24
34,0,25
34,1,25
35,0,26
35,1,26
36,0,27
36,1,27
37,0,28
37,1,28
38,0,29
38,1,29
40,0,30
40,1,30
42,0,31
42,1,31
43,0,32
43,1,32
47,0,33
47,1,33
48,0,34
48,1,34
49,0,35
49,1,35
50,0,36
50,1,36
51,0,37
51,1,37
53,0,38
53,1,38
55,0,39
55,1,39
56,0,40
56,1,40
57,0,41
57,1,41
58,0,42
58,1,42
59,0,43
59,1,43
60,0,44
60,1,44
61,0,45
61,1,45
64,0,46
64,1,46
65,0,47
65,1,47
67,0,48
67,1,48
68,0,49
68,1,49
69,0,50
69,1,50
70,0,51
70,1,51
72,0,52
72,1,52
73,0,53
73,1,53
75,0,54
75,1,54
76,0,55
76,1,55
77,0,56
77,1,56
78,0,57
78,1,57
80,0,58
80,1,58
81,0,59
81,1,59
83,0,60
83,1,60
84,0,61
84,1,61
85,0,62
85,1,62
86,0,63
86,1,63
87,0,64
87,1,64
88,0,65
88,1,65
89,0,66
89,1,66
90,0,67
90,1,67
91,0,68
91,1,68
93,0,69
93,1,69
94,0,70
94,1,70
95,0,71
95,1,71
96,0,72
96,1,72
97,0,73
97,1,73
98,0,74
98,1,74
99,0,75
99,1,75
101,0,76
101,1,76
102,0,77
102,1,77
103,0,78
103,1,78
104,0,79
104,1,79
107,0,80
107,1,80
108,0,81
108,1,81
111,0,82
111,1,82
112,0,83
112,1,83
113,0,84
113,1,84
114,0,85
114,1,85
115,0,86
115,1,86
117,0,87
117,1,87
119,0,88
119,1,88
120,0,89
120,1,89
122,0,90
122,1,90
123,0,91
123,1,91
124,0,92
124,1,92
125,0,93
125,1,93
126,0,94
126,1,94
127,0,95
127,1,95
129,0,96
129,1,96
131,0,97
131,1,97
132,0,98
132,1,98
135,0,99
135,1,99
136,0,100
136,1,100
137,0,101
137,1,101
138,0,102
138,1,102
140,0,103
140,1,103
141,0,104
141,1,104
142,0,105
142,1,105
143,0,106
143,1,106
144,0,107
144,1,107
146,0,108
146,1,108
147,0,109
147,1,109
148,0,110
148,1,110
149,0,111
149,1,111
150,0,112
150,1,112
151,0,113
151,1,113
153,0,114
153,1,114
154,0,115
154,1,115
156,0,116
156,1,116
157,0,117
157,1,117
158,0,118
158,1,118
159,0,119
159,1,119
160,0,120
160,1,120
161,0,121
161,1,121
162,0,122
162,1,122
163,0,123
163,1,123
164,0,124
164,1,124
165,0,125
165,1,125
166,0,126
166,1,126
167,0,127
167,1,127
168,0,128
168,1,128
169,0,129
169,1,129
170,0,130
170,1,130
171,0,131
171,1,131
172,0,132
172,1,132
175,0,133
175,1,133
176,0,134
176,1,134
178,0,135
178,1,135
181,0,136
181,1,136
182,0,137
182,1,137
183,0,138
183,1,138
184,0,139
184,1,139
185,0,140
185,1,140
186,0,141
186,1,141
187,0,142
187,1,142
189,0,143
189,1,143
190,0,144
190,1,144
191,0,145
191,1,145
192,0,146
192,1,146
193,0,147
193,1,147
194,0,148
194,1,148
195,0,149
195,1,149
196,0,150
196,1,150
197,0,151
197,1,151
198,0,152
198,1,152
199,0,153
199,1,153
201,0,154
201,1,154
202,0,155
202,1,155
203,0,156
203,1,156
204,0,157
204,1,157
205,0,158
205,1,158
206,0,159
206,1,159
207,0,160
207,1,160
208,0,161
208,1,161
209,0,162
209,1,162
210,0,163
210,1,163
212,0,164
212,1,164
213,0,165
213,1,165
214,0,166
214,1,166
216,0,167
216,1,167
217,0,168
217,1,168
220,0,169
220,1,169
223,0,170
223,1,170
224,0,171
224,1,171
225,0,172
225,1,172
226,0,173
226,1,173
228,0,174
228,1,174
229,0,175
229,1,175
230,0,176
230,1,176
231,0,177
231,1,177
234,0,178
234,1,178
238,0,179
238,1,179
239,0,180
239,1,180
241,0,181
241,1,181
242,0,182
242,1,182
245,0,183
245,1,183
247,0,184
247,1,184
248,0,185
248,1,185
250,0,186
250,1,186
252,0,187
252,1,187
254,0,188
254,1,188
255,0,189
255,1,189
256,0,190
256,1,190
257,0,191
257,1,191
258,0,192
258,1,192
260,0,193
260,1,193
262,0,194
262,1,194
263,0,195
263,1,195
264,0,196
264,1,196
265,0,197
265,1,197
269,0,198
269,1,198
270,0,199
270,1,199
272,0,200
272,1,200
273,0,201
273,1,201
274,0,202
274,1,202
275,0,203
275,1,203
276,0,204
276,1,204
277,0,205
277,1,205
278,0,206
278,1,206
279,0,207
279,1,207
280,0,208
280,1,208
281,0,209
281,1,209
282,0,210
282,1,210
284,0,211
284,1,211
285,0,212
285,1,212
286,0,213
286,1,213
288,0,214
288,1,214
289,0,215
289,1,215
292,0,216
292,1,216
293,0,217
293,1,217
294,0,218
294,1,218
295,0,219
295,1,219
296,0,220
296,1,220
297,0,221
297,1,221
298,0,222
298,1,222
300,0,223
300,1,223
301,0,224
301,1,224
303,0,225
303,1,225
304,0,226
304,1,226
305,0,227
305,1,227
306,0,228
306,1,228
307,0,229
307,1,229
310,0,230
310,1,230
311,0,231
311,1,231
313,0,232
313,1,232
316,0,233
316,1,233
317,0,234
317,1,234
319,0,235
319,1,235
320,0,236
320,1,236
321,0,237
321,1,237
323,0,238
323,1,238
324,0,239
324,1,239
326,0,240
326,1,240
327,0,241
327,1,241
328,0,242
328,1,242
329,0,243
329,1,243
331,0,244
331,1,244
332,0,245
332,1,245
334,0,246
334,1,246
335,0,247
335,1,247
339,0,248
339,1,248
340,0,249
340,1,249
341,0,250
341,1,250
343,0,251
343,1,251
345,0,252
345,1,252
348,0,253
348,1,253
349,0,254
349,1,254
350,0,255
350,1,255
351,0,256
351,1,256
352,0,257
352,1,257
353,0,258
353,1,258
354,0,259
354,1,259
356,0,260
356,1,260
357,0,261
357,1,261
358,0,262
358,1,262
359,0,263
359,1,263
361,0,264
361,1,264
362,0,265
362,1,265
365,0,266
365,1,266
366,0,267
366,1,267
368,0,268
368,1,268
371,0,269
371,1,269
372,0,270
372,1,270
373,0,271
373,1,271
375,0,272
375,1,272
376,0,273
376,1,273
377,0,274
377,1,274
378,0,275
378,1,275
379,0,276
379,1,276
380,0,277
380,1,277
383,0,278
383,1,278
385,0,279
385,1,279
388,0,280
388,1,280
389,0,281
389,1,281
390,0,282
390,1,282
391,0,283
391,1,283
392,0,284
392,1,284
393,0,285
393,1,285
394,0,286
394,1,286
396,0,287
396,1,287
397,0,288
397,1,288
399,0,289
399,1,289
400,0,290
400,1,290
401,0,291
401,1,291
404,0,292
404,1,292
405,0,293
405,1,293
407,0,294
407,1,294
408,0,295
408,1,295
409,0,296
409,1,296
410,0,297
410,1,297
411,0,298
411,1,298
412,0,299
412,1,299
413,0,300
413,1,300
416,0,301
416,1,301
417,0,302
417,1,302
418,0,303
418,1,303
419,0,304
419,1,304
420,0,305
420,1,305
421,0,306
421,1,306
424,0,307
424,1,307
425,0,308
425,1,308
426,0,309
426,1,309
428,0,310
428,1,310
432,0,311
432,1,311
436,0,312
436,1,312
439,0,313
439,1,313
440,0,314
440,1,314
442,0,315
442,1,315
444,0,316
444,1,316
445,0,317
445,1,317
446,0,318
446,1,318
447,0,319
447,1,319
448,0,320
448,1,320
449,0,321
449,1,321
450,0,322
450,1,322
451,0,323
451,1,323
452,0,324
452,1,324
453,0,325
453,1,325
456,0,326
456,1,326
457,0,327
457,1,327
460,0,328
460,1,328
461,0,329
461,1,329
463,0,330
463,1,330
465,0,331
465,1,331
468,0,332
468,1,332
469,0,333
469,1,333
470,0,334
470,1,334
471,0,335
471,1,335
472,0,336
472,1,336
473,0,337
473,1,337
474,0,338
474,1,338
475,0,339
475,1,339
476,0,340
476,1,340
477,0,341
477,1,341
479,0,342
479,1,342
480,0,343
480,1,343
481,0,344
481,1,344
482,0,345
482,1,345
483,0,346
483,1,346
484,0,347
484,1,347
485,0,348
485,1,348
486,0,349
486,1,349
487,0,350
487,1,350
488,0,351
488,1,351
489,0,352
489,1,352
490,0,353
490,1,353
491,0,354
491,1,354
492,0,355
492,1,355
493,0,356
493,1,356
494,0,357
494,1,357
495,0,358
495,1,358
497,0,359
497,1,359
499,0,360
499,1,360
500,0,361
500,1,361
501,0,362
501,1,362
502,0,363
502,1,363
503,0,364
503,1,364
504,0,365
504,1,365
505,0,366
505,1,366
506,0,367
506,1,367
509,0,368
509,1,368
513,0,369
513,1,369
514,0,370
514,1,370
515,0,371
515,1,371
517,0,372
517,1,372
519,0,373
519,1,373
520,0,374
520,1,374
524,0,375
524,1,375
525,0,376
525,1,376
526,0,377
526,1,377
527,0,378
527,1,378
532,0,379
532,1,379
536,0,380
536,1,380
537,0,381
537,1,381
538,0,382
538,1,382
539,0,383
539,1,383
542,0,384
542,1,384
543,0,385
543,1,385
544,0,386
544,1,386
546,0,387
546,1,387
547,0,388
547,1,388
548,0,389
548,1,389
549,0,390
549,1,390
550,0,391
550,1,391
551,0,392
551,1,392
552,0,393
552,1,393
553,0,394
553,1,394
554,0,395
554,1,395
556,0,396
556,1,396
557,0,397
557,1,397
558,0,398
558,1,398
559,0,399
559,1,399
560,0,400
560,1,400
562,0,401
562,1,401
563,0,402
563,1,402
564,0,403
564,1,403
565,0,404
565,1,404
566,0,405
566,1,405
567,0,406
567,1,406
568,0,407
568,1,407
569,0,408
569,1,408
570,0,409
570,1,409
574,0,410
574,1,410
575,0,411
575,1,411
577,0,412
577,1,412
578,0,413
578,1,413
579,0,414
579,1,414
580,0,415
580,1,415
581,0,416
581,1,416
582,0,417
582,1,417
584,0,418
584,1,418
585,0,419
585,1,419
587,0,420
587,1,420
590,0,421
590,1,421
593,0,422
593,1,422
595,0,423
595,1,423
596,0,424
596,1,424
597,0,425
597,1,425
600,0,426
600,1,426
602,0,427
602,1,427
604,0,428
604,1,428
606,0,429
606,1,429
607,0,430
607,1,430
608,0,431
608,1,431
611,0,432
611,1,432
614,0,433
614,1,433
615,0,434
615,1,434
616,0,435
616,1,435
617,0,436
617,1,436
619,0,437
619,1,437
620,0,438
620,1,438
621,0,439
621,1,439
622,0,440
622,1,440
624,0,441
624,1,441
627,0,442
627,1,442
628,0,443
628,1,443
629,0,444
629,1,444
630,0,445
630,1,445
631,0,446
631,1,446
632,0,447
632,1,447
633,0,448
633,1,448
634,0,449
634,1,449
636,0,450
636,1,450
637,0,451
637,1,451
638,0,452
638,1,452
639,0,453
639,1,453
641,0,454
641,1,454
642,0,455
642,1,455
643,0,456
643,1,456
644,0,457
644,1,457
646,0,458
646,1,458
647,0,459
647,1,459
649,0,460
649,1,460
652,0,461
652,1,461
654,0,462
654,1,462
655,0,463
655,1,463
656,0,464
656,1,464
657,0,465
657,1,465
658,0,466
658,1,466
659,0,467
659,1,467
660,0,468
660,1,468
661,0,469
661,1,469
662,0,470
662,1,470
663,0,471
663,1,471
664,0,472
664,1,472
665,0,473
665,1,473
666,0,474
666,1,474
667,0,475
667,1,475
668,0,476
668,1,476
669,0,477
669,1,477
670,0,478
670,1,478
671,0,479
671,1,479
672,0,480
672,1,480
673,0,481
673,1,481
675,0,482
675,1,482
676,0,483
676,1,483
677,0,484
677,1,484
678,0,485
678,1,485
679,0,486
679,1,486
680,0,487
680,1,487
681,0,488
681,1,488
683,0,489
683,1,489
684,0,490
684,1,490
685,0,491
685,1,491
686,0,492
686,1,492
687,0,493
687,1,493
688,0,494
688,1,494
689,0,495
689,1,495
693,0,496
693,1,496
694,0,497
694,1,497
697,0,498
697,1,498
700,0,499
700,1,499
701,0,500
701,1,500
702,0,501
702,1,501
704,0,502
704,1,502
705,0,503
705,1,503
706,0,504
706,1,504
707,0,505
707,1,505
708,0,506
708,1,506
710,0,507
710,1,507
711,0,508
711,1,508
712,0,509
712,1,509
713,0,510
713,1,510
717,0,511
717,1,511
719,0,512
719,1,512
720,0,513
720,1,513
721,0,514
721,1,514
722,0,515
722,1,515
723,0,516
723,1,516
724,0,517
724,1,517
725,0,518
725,1,518
728,0,519
728,1,519
729,0,520
729,1,520
733,0,521
733,1,521
734,0,522
734,1,522
736,0,523
736,1,523
738,0,524
738,1,524
740,0,525
740,1,525
742,0,526
742,1,526
743,0,527
743,1,527
744,0,528
744,1,528
745,0,529
745,1,529
746,0,530
746,1,530
747,0,531
747,1,531
748,0,532
748,1,532
749,0,533
749,1,533
750,0,534
750,1,534
751,0,535
751,1,535
753,0,536
753,1,536
754,0,537
754,1,537
757,0,538
757,1,538
758,0,539
758,1,539
759,0,540
759,1,540
760,0,541
760,1,541
761,0,542
761,1,542
762,0,543
762,1,543
763,0,544
763,1,544
764,0,545
764,1,545
765,0,546
765,1,546
766,0,547
766,1,547
767,0,548
767,1,548
769,0,549
769,1,549
770,0,550
770,1,550
771,0,551
771,1,551
772,0,552
772,1,552
774,0,553
774,1,553
775,0,554
775,1,554
777,0,555
777,1,555
778,0,556
778,1,556
779,0,557
779,1,557
780,0,558
780,1,558
781,0,559
781,1,559
782,0,560
782,1,560
784,0,561
784,1,561
785,0,562
785,1,562
786,0,563
786,1,563
787,0,564
787,1,564
788,0,565
788,1,565
789,0,566
789,1,566
790,0,567
790,1,567
791,0,568
791,1,568
792,0,569
792,1,569
794,0,570
794,1,570
797,0,571
797,1,571
799,0,572
799,1,572
800,0,573
800,1,573
802,0,574
802,1,574
803,0,575
803,1,575
804,0,576
804,1,576
805,0,577
805,1,577
809,0,578
809,1,578
810,0,579
810,1,579
811,0,580
811,1,580
812,0,581
812,1,581
813,0,582
813,1,582
814,0,583
814,1,583
815,0,584
815,1,584
817,0,585
817,1,585
818,0,586
818,1,586
819,0,587
819,1,587
820,0,588
820,1,588
821,0,589
821,1,589
823,0,590
823,1,590
824,0,591
824,1,591
825,0,592
825,1,592
827,0,593
827,1,593
828,0,594
828,1,594
829,0,595
829,1,595
831,0,596
831,1,596
832,0,597
832,1,597
833,0,598
833,1,598
835,0,599
835,1,599
838,0,600
838,1,600
840,0,601
840,1,601
843,0,602
843,1,602
845,0,603
845,1,603
846,0,604
846,1,604
847,0,605
847,1,605
848,0,606
848,1,606
849,0,607
849,1,607
851,0,608
851,1,608
853,0,609
853,1,609
854,0,610
854,1,610
855,0,611
855,1,611
856,0,612
856,1,612
857,0,613
857,1,613
858,0,614
858,1,614
861,0,615
861,1,615
862,0,616
862,1,616
863,0,617
863,1,617
865,0,618
865,1,618
867,0,619
867,1,619
868,0,620
868,1,620
871,0,621
871,1,621
873,0,622
873,1,622
874,0,623
874,1,623
875,0,624
875,1,624
876,0,625
876,1,625
877,0,626
877,1,626
879,0,627
879,1,627
880,0,628
880,1,628
881,0,629
881,1,629
882,0,630
882,1,630
883,0,631
883,1,631
884,0,632
884,1,632
885,0,633
885,1,633
887,0,634
887,1,634
890,0,635
890,1,635
891,0,636
891,1,636
892,0,637
892,1,637
894,0,638
894,1,638
895,0,639
895,1,639
896,0,640
896,1,640
897,0,641
897,1,641
898,0,642
898,1,642
899,0,643
899,1,643
900,0,644
900,1,644
901,0,645
901,1,645
902,0,646
902,1,646
903,0,647
903,1,647
905,0,648
905,1,648
906,0,649
906,1,649
908,0,650
908,1,650
909,0,651
909,1,651
910,0,652
910,1,652
911,0,653
911,1,653
914,0,654
914,1,654
915,0,655
915,1,655
916,0,656
916,1,656
917,0,657
917,1,657
918,0,658
918,1,658
919,0,659
919,1,659
920,0,660
920,1,660
922,0,661
922,1,661
925,0,662
925,1,662
926,0,663
926,1,663
927,0,664
927,1,664
928,0,665
928,1,665
929,0,666
929,1,666
930,0,667
930,1,667
931,0,668
931,1,668
932,0,669
932,1,669
933,0,670
933,1,670
934,0,671
934,1,671
935,0,672
935,1,672
936,0,673
936,1,673
937,0,674
937,1,674
939,0,675
939,1,675
940,0,676
940,1,676
941,0,677
941,1,677
943,0,678
943,1,678
944,0,679
944,1,679
946,0,680
946,1,680
948,0,681
948,1,681
949,0,682
949,1,682
950,0,683
950,1,683
951,0,684
951,1,684
953,0,685
953,1,685
954,0,686
954,1,686
955,0,687
955,1,687
957,0,688
957,1,688
959,0,689
959,1,689
960,0,690
960,1,690
961,0,691
961,1,691
964,0,692
964,1,692
965,0,693
965,1,693
966,0,694
966,1,694
967,0,695
967,1,695
968,0,696
968,1,696
969,0,697
969,1,697
970,0,698
970,1,698
971,0,699
971,1,699
974,0,700
974,1,700
975,0,701
975,1,701
976,0,702
976,1,702
977,0,703
977,1,703
978,0,704
978,1,704
979,0,705
979,1,705
981,0,706
981,1,706
982,0,707
982,1,707
983,0,708
983,1,708
984,0,709
984,1,709
985,0,710
985,1,710
986,0,711
986,1,711
988,0,712
988,1,712
989,0,713
989,1,713
990,0,714
990,1,714
991,0,715
991,1,715
993,0,716
993,1,716
994,0,717
994,1,717
995,0,718
995,1,718
998,0,719
998,1,719
1,2,0
3,2,2
4,2,3
5,2,4
6,2,5
7,2,6
8,2,7
9,2,8
10,2,9
11,0,720
11,2,720
12,2,10
13,0,721
13,2,721
14,2,11
15,2,12
16,0,722
16,2,722
19,0,723
19,2,723
20,0,724
20,2,724
21,0,725
21,2,725
22,2,15
23,2,16
24,2,17
25,2,18
26,0,726
26,2,726
31,2,23
32,2,24
33,0,727
33,2,727
35,2,26
37,2,28
38,2,29
39,0,728
39,2,728
41,0,729
41,2,729
44,0,730
44,2,730
47,2,33
49,2,35
52,0,731
52,2,731
55,2,39
56,2,40
57,2,41
58,2,42
59,2,43
60,2,44
61,2,45
63,0,732
63,2,732
64,2,46
65,2,47
67,2,48
68,2,49
69,2,50
70,2,51
71,0,733
71,2,733
72,2,52
73,2,53
74,0,734
74,2,734
76,2,55
77,2,56
78,2,57
82,0,735
82,2,735
85,2,62
86,2,63
88,2,65
89,2,66
90,2,67
92,0,736
92,2,736
94,2,70
95,2,71
96,2,72
98,2,74
99,2,75
100,0,737
100,2,737
101,2,76
104,2,79
105,0,738
105,2,738
106,0,739
106,2,739
107,2,80
109,0,740
109,2,740
110,0,741
110,2,741
111,2,82
112,2,83
113,2,84
115,2,86
116,0,742
116,2,742
118,0,743
118,2,743
119,2,88
120,2,89
121,0,744
121,2,744
122,2,90
123,2,91
124,2,92
125,2,93
126,2,94
129,2,96
132,2,98
133,0,745
133,2,745
134,0,746
134,2,746
136,2,100
137,2,101
138,2,102
140,2,103
141,2,104
143,2,106
145,0,747
145,2,747
146,2,108
147,2,109
148,2,110
150,2,112
152,0,748
152,2,748
153,2,114
154,2,115
155,0,749
155,2,749
156,2,116
157,2,117
158,2,118
160,2,120
162,2,122
163,2,123
164,2,124
166,2,126
167,2,127
169,2,129
170,2,130
171,2,131
172,2,132
174,0,750
174,2,750
175,2,133
177,0,751
177,2,751
180,0,752
180,2,752
181,2,136
182,2,137
183,2,138
184,2,139
186,2,141
187,2,142
188,0,753
188,2,753
189,2,143
190,2,144
191,2,145
192,2,146
193,2,147
195,2,149
196,2,150
197,2,151
198,2,152
199,2,153
200,0,754
200,2,754
201,2,154
203,2,156
204,2,157
205,2,158
207,2,160
208,2,161
210,2,163
211,0,755
211,2,755
212,2,164
213,2,165
214,2,166
215,0,756
215,2,756
217,2,168
218,0,757
218,2,757
220,2,169
221,0,758
221,2,758
222,0,759
222,2,759
225,2,172
226,2,173
228,2,174
229,2,175
230,2,176
231,2,177
232,0,760
232,2,760
233,0,761
233,2,761
234,2,178
235,0,762
235,2,762
237,0,763
237,2,763
238,2,179
239,2,180
240,0,764
240,2,764
242,2,182
243,0,765
243,2,765
244,0,766
244,2,766
245,2,183
246,0,767
246,2,767
249,0,768
249,2,768
250,2,186
252,2,187
253,0,769
253,2,769
254,2,188
259,0,770
259,2,770
261,0,771
261,2,771
266,0,772
266,2,772
267,0,773
267,2,773
268,0,774
268,2,774
269,2,198
270,2,199
271,0,775
271,2,775
273,2,201
275,2,203
276,2,204
277,2,205
278,2,206
279,2,207
281,2,209
283,0,776
283,2,776
284,2,211
285,2,212
286,2,213
287,0,777
287,2,777
288,2,214
290,0,778
290,2,778
291,0,779
291,2,779
293,2,217
294,2,218
295,2,219
296,2,220
298,2,222
301,2,224
302,0,780
302,2,780
303,2,225
304,2,226
305,2,227
306,2,228
307,2,229
308,0,781
308,2,781
309,0,782
309,2,782
310,2,230
311,2,231
313,2,232
314,0,783
314,2,783
316,2,233
317,2,234
318,0,784
318,2,784
320,2,236
321,2,237
322,0,785
322,2,785
324,2,239
325,0,786
325,2,786
328,2,242
329,2,243
331,2,244
332,2,245
333,0,787
333,2,787
334,2,246
336,0,788
336,2,788
337,0,789
337,2,789
338,0,790
338,2,790
339,2,248
341,2,250
342,0,791
342,2,791
344,0,792
344,2,792
345,2,252
347,0,793
347,2,793
349,2,254
350,2,255
351,2,256
352,2,257
353,2,258
354,2,259
355,0,794
355,2,794
356,2,260
358,2,262
359,2,263
360,0,795
360,2,795
361,2,264
362,2,265
363,0,796
363,2,796
364,0,797
364,2,797
366,2,267
368,2,268
369,0,798
369,2,798
370,0,799
370,2,799
371,2,269
372,2,270
373,2,271
374,0,800
374,2,800
375,2,272
376,2,273
377,2,274
381,0,801
381,2,801
382,0,802
382,2,802
384,0,803
384,2,803
385,2,279
386,0,804
386,2,804
387,0,805
387,2,805
389,2,281
390,2,282
391,2,283
393,2,285
395,0,806
395,2,806
396,2,287
397,2,288
398,0,807
398,2,807
399,2,289
400,2,290
401,2,291
403,0,808
403,2,808
404,2,292
406,0,809
406,2,809
407,2,294
409,2,296
412,2,299
413,2,300
418,2,303
421,2,306
424,2,307
425,2,308
426,2,309
429,0,810
429,2,810
430,0,811
430,2,811
432,2,311
433,0,812
433,2,812
434,0,813
434,2,813
435,0,814
435,2,814
436,2,312
438,0,815
438,2,815
439,2,313
440,2,314
441,0,816
441,2,816
443,0,817
443,2,817
444,2,316
445,2,317
446,2,318
447,2,319
448,2,320
449,2,321
450,2,322
451,2,323
452,2,324
453,2,325
454,0,818
454,2,818
456,2,326
457,2,327
459,0,819
459,2,819
460,2,328
461,2,329
462,0,820
462,2,820
463,2,330
465,2,331
467,0,821
467,2,821
468,2,332
469,2,333
470,2,334
471,2,335
473,2,337
474,2,338
475,2,339
476,2,340
477,2,341
479,2,342
480,2,343
481,2,344
482,2,345
486,2,349
487,2,350
489,2,352
490,2,353
491,2,354
493,2,356
495,2,358
498,0,822
498,2,822
499,2,360
500,2,361
501,2,362
502,2,363
504,2,365
505,2,366
506,2,367
507,0,823
507,2,823
508,0,824
508,2,824
509,2,368
510,0,825
510,2,825
511,0,826
511,2,826
513,2,369
514,2,370
516,0,827
516,2,827
518,0,828
518,2,828
519,2,373
520,2,374
521,0,829
521,2,829
522,0,830
522,2,830
523,0,831
523,2,831
524,2,375
525,2,376
526,2,377
527,2,378
529,0,832
529,2,832
530,0,833
530,2,833
531,0,834
531,2,834
532,2,379
535,0,835
535,2,835
536,2,380
537,2,381
538,2,382
542,2,384
543,2,385
544,2,386
547,2,388
549,2,390
550,2,391
551,2,392
552,2,393
553,2,394
554,2,395
555,0,836
555,2,836
557,2,397
560,2,400
561,0,837
561,2,837
562,2,401
563,2,402
564,2,403
565,2,404
566,2,405
567,2,406
569,2,408
570,2,409
571,0,838
571,2,838
572,0,839
572,2,839
573,0,840
573,2,840
575,2,411
576,0,841
576,2,841
579,2,414
581,2,416
582,2,417
583,0,842
583,2,842
584,2,418
585,2,419
586,0,843
586,2,843
587,2,420
588,0,844
588,2,844
591,0,845
591,2,845
592,0,846
592,2,846
593,2,422
595,2,423
596,2,424
597,2,425
598,0,847
598,2,847
599,0,848
599,2,848
600,2,426
601,0,849
601,2,849
603,0,850
603,2,850
606,2,429
608,2,431
610,0,851
610,2,851
611,2,432
614,2,433
617,2,436
619,2,437
620,2,438
621,2,439
622,2,440
623,0,852
623,2,852
624,2,441
625,0,853
625,2,853
626,0,854
626,2,854
628,2,443
629,2,444
630,2,445
631,2,446
632,2,447
633,2,448
634,2,449
636,2,450
637,2,451
638,2,452
639,2,453
640,0,855
640,2,855
641,2,454
643,2,456
644,2,457
647,2,459
648,0,856
648,2,856
649,2,460
650,0,857
650,2,857
651,0,858
651,2,858
652,2,461
654,2,462
655,2,463
657,2,465
658,2,466
659,2,467
660,2,468
661,2,469
662,2,470
663,2,471
665,2,473
666,2,474
667,2,475
669,2,477
670,2,478
671,2,479
673,2,481
675,2,482
676,2,483
677,2,484
680,2,487
681,2,488
684,2,490
686,2,492
688,2,494
689,2,495
691,0,859
691,2,859
692,0,860
692,2,860
694,2,497
695,0,861
695,2,861
696,0,862
696,2,862
697,2,498
700,2,499
701,2,500
703,0,863
703,2,863
704,2,502
705,2,503
707,2,505
708,2,506
709,0,864
709,2,864
710,2,507
711,2,508
712,2,509
713,2,510
714,0,865
714,2,865
715,0,866
715,2,866
716,0,867
716,2,867
717,2,511
718,0,868
718,2,868
721,2,514
722,2,515
723,2,516
725,2,518
726,0,869
726,2,869
727,0,870
727,2,870
728,2,519
730,0,871
730,2,871
732,0,872
732,2,872
733,2,521
736,2,523
737,0,873
737,2,873
739,0,874
739,2,874
740,2,525
741,0,875
741,2,875
742,2,526
744,2,528
745,2,529
746,2,530
748,2,532
751,2,535
753,2,536
754,2,537
755,0,876
755,2,876
756,0,877
756,2,877
757,2,538
759,2,540
760,2,541
762,2,543
763,2,544
764,2,545
765,2,546
766,2,547
767,2,548
768,0,878
768,2,878
769,2,549
772,2,552
774,2,553
775,2,554
777,2,555
779,2,557
780,2,558
782,2,560
783,0,879
783,2,879
784,2,561
786,2,563
787,2,564
789,2,566
793,0,880
793,2,880
794,2,570
796,0,881
796,2,881
797,2,571
799,2,572
800,2,573
801,0,882
801,2,882
802,2,574
803,2,575
805,2,577
806,0,883
806,2,883
809,2,578
810,2,579
811,2,580
812,2,581
813,2,582
814,2,583
815,2,584
816,0,884
816,2,884
817,2,585
819,2,587
821,2,589
823,2,590
824,2,591
825,2,592
826,0,885
826,2,885
828,2,594
829,2,595
830,0,886
830,2,886
831,2,596
832,2,597
833,2,598
834,0,887
834,2,887
835,2,599
836,0,888
836,2,888
838,2,600
839,0,889
839,2,889
840,2,601
841,0,890
841,2,890
842,0,891
842,2,891
843,2,602
845,2,603
846,2,604
848,2,606
849,2,607
850,0,892
850,2,892
852,0,893
852,2,893
853,2,609
855,2,611
856,2,612
857,2,613
858,2,614
859,0,894
859,2,894
861,2,615
862,2,616
863,2,617
864,0,895
864,2,895
865,2,618
866,0,896
866,2,896
867,2,619
868,2,620
869,0,897
869,2,897
870,0,898
870,2,898
873,2,622
874,2,623
876,2,625
877,2,626
878,0,899
878,2,899
879,2,627
880,2,628
883,2,631
884,2,632
885,2,633
886,0,900
886,2,900
887,2,634
888,0,901
888,2,901
890,2,635
891,2,636
892,2,637
893,0,902
893,2,902
894,2,638
895,2,639
897,2,641
898,2,642
899,2,643
901,2,645
902,2,646
903,2,647
904,0,903
904,2,903
905,2,648
906,2,649
907,0,904
907,2,904
909,2,651
910,2,652
911,2,653
913,0,905
913,2,905
914,2,654
916,2,656
917,2,657
918,2,658
919,2,659
920,2,660
921,0,906
921,2,906
922,2,661
923,0,907
923,2,907
924,0,908
924,2,908
925,2,662
926,2,663
927,2,664
928,2,665
929,2,666
930,2,667
933,2,670
936,2,673
937,2,674
939,2,675
940,2,676
941,2,677
942,0,909
942,2,909
944,2,679
945,0,910
945,2,910
946,2,680
947,0,911
947,2,911
948,2,681
950,2,683
951,2,684
952,0,912
952,2,912
953,2,685
954,2,686
955,2,687
956,0,913
956,2,913
957,2,688
958,0,914
958,2,914
959,2,689
960,2,690
963,0,915
963,2,915
964,2,692
967,2,695
968,2,696
969,2,697
970,2,698
971,2,699
972,0,916
972,2,916
975,2,701
978,2,704
980,0,917
980,2,917
981,2,706
982,2,707
983,2,708
984,2,709
985,2,710
986,2,711
987,0,918
987,2,918
989,2,713
993,2,716
994,2,717
995,2,718
998,2,719
999,0,919
999,2,919
1,3,0
4,3,3
5,3,4
7,3,6
8,3,7
12,3,10
13,3,721
14,3,11
17,3,13
18,3,14
19,3,723
21,3,725
22,3,15
24,3,17
25,3,18
26,3,726
28,3,20
29,3,21
31,3,23
33,3,727
35,3,26
36,3,27
37,3,28
38,3,29
39,3,728
40,3,30
41,3,729
42,3,31
44,3,730
45,0,920
45,3,920
46,0,921
46,3,921
48,3,34
49,3,35
50,3,36
51,3,37
52,3,731
54,0,922
54,3,922
56,3,40
57,3,41
58,3,42
59,3,43
60,3,44
61,3,45
62,0,923
62,3,923
64,3,46
65,3,47
66,0,924
66,3,924
67,3,48
68,3,49
69,3,50
71,3,733
72,3,52
74,3,734
75,3,54
77,3,56
78,3,57
79,0,925
79,3,925
83,3,60
84,3,61
85,3,62
86,3,63
87,3,64
90,3,67
91,3,68
92,3,736
93,3,69
97,3,73
98,3,74
99,3,75
100,3,737
102,3,77
103,3,78
104,3,79
106,3,739
107,3,80
108,3,81
110,3,741
111,3,82
112,3,83
113,3,84
114,3,85
115,3,86
117,3,87
118,3,743
120,3,89
121,3,744
126,3,94
127,3,95
128,0,926
128,3,926
129,3,96
131,3,97
132,3,98
134,3,746
137,3,101
138,3,102
140,3,103
141,3,104
142,3,105
143,3,106
144,3,107
145,3,747
149,3,111
150,3,112
151,3,113
153,3,114
156,3,116
157,3,117
159,3,119
160,3,120
162,3,122
164,3,124
165,3,125
167,3,127
168,3,128
169,3,129
170,3,130
171,3,131
172,3,132
175,3,133
176,3,134
177,3,751
178,3,135
179,0,927
179,3,927
180,3,752
182,3,137
183,3,138
184,3,139
185,3,140
186,3,141
187,3,142
188,3,753
189,3,143
194,3,148
195,3,149
196,3,150
197,3,151
199,3,153
201,3,154
202,3,155
204,3,157
205,3,158
206,3,159
207,3,160
208,3,161
209,3,162
211,3,755
212,3,164
213,3,165
214,3,166
215,3,756
216,3,167
217,3,168
221,3,758
222,3,759
223,3,170
224,3,171
225,3,172
226,3,173
227,0,928
227,3,928
228,3,174
229,3,175
230,3,176
231,3,177
232,3,760
233,3,761
234,3,178
235,3,762
236,0,929
236,3,929
237,3,763
240,3,764
242,3,182
243,3,765
245,3,183
246,3,767
247,3,184
249,3,768
251,0,930
251,3,930
252,3,187
253,3,769
254,3,188
256,3,190
258,3,192
259,3,770
260,3,193
261,3,771
262,3,194
263,3,195
264,3,196
266,3,772
267,3,773
268,3,774
269,3,198
271,3,775
272,3,200
273,3,201
274,3,202
275,3,203
276,3,204
277,3,205
278,3,206
279,3,207
282,3,210
283,3,776
285,3,212
286,3,213
287,3,777
288,3,214
292,3,216
293,3,217
295,3,219
297,3,221
298,3,222
299,0,931
299,3,931
301,3,224
302,3,780
303,3,225
304,3,226
305,3,227
306,3,228
310,3,230
311,3,231
312,0,932
312,3,932
314,3,783
315,0,933
315,3,933
316,3,233
318,3,784
319,3,235
320,3,236
322,3,785
323,3,238
324,3,239
326,3,240
327,3,241
328,3,242
329,3,243
331,3,244
332,3,245
334,3,246
335,3,247
336,3,788
337,3,789
338,3,790
339,3,248
341,3,250
342,3,791
343,3,251
344,3,792
345,3,252
347,3,793
349,3,254
350,3,255
351,3,256
352,3,257
355,3,794
356,3,260
357,3,261
358,3,262
359,3,263
360,3,795
361,3,264
362,3,265
363,3,796
365,3,266
366,3,267
367,0,934
367,3,934
368,3,268
373,3,271
374,3,800
375,3,272
376,3,273
377,3,274
378,3,275
379,3,276
382,3,802
383,3,278
385,3,279
386,3,804
387,3,805
389,3,281
390,3,282
393,3,285
394,3,286
395,3,806
396,3,287
397,3,288
398,3,807
399,3,289
400,3,290
401,3,291
402,0,935
402,3,935
403,3,808
404,3,292
405,3,293
406,3,809
407,3,294
408,3,295
409,3,296
410,3,297
412,3,299
414,0,936
414,3,936
415,0,937
415,3,937
416,3,301
417,3,302
419,3,304
421,3,306
422,0,938
422,3,938
423,0,939
423,3,939
424,3,307
425,3,308
426,3,309
427,0,940
427,3,940
428,3,310
430,3,811
431,0,941
431,3,941
433,3,812
436,3,312
437,0,942
437,3,942
438,3,815
439,3,313
441,3,816
442,3,315
445,3,317
446,3,318
447,3,319
448,3,320
450,3,322
451,3,323
452,3,324
453,3,325
455,0,943
455,3,943
456,3,326
457,3,327
458,0,944
458,3,944
460,3,328
461,3,329
463,3,330
465,3,331
467,3,821
468,3,332
469,3,333
470,3,334
471,3,335
473,3,337
474,3,338
475,3,339
477,3,341
478,0,945
478,3,945
480,3,343
481,3,344
482,3,345
485,3,348
486,3,349
488,3,351
490,3,353
491,3,354
492,3,355
493,3,356
497,3,359
498,3,822
499,3,360
501,3,362
502,3,363
504,3,365
505,3,366
506,3,367
507,3,823
508,3,824
510,3,825
511,3,826
512,0,946
512,3,946
514,3,370
516,3,827
518,3,828
521,3,829
522,3,830
525,3,376
526,3,377
528,0,947
528,3,947
529,3,832
531,3,834
533,0,948
533,3,948
534,0,949
534,3,949
535,3,835
536,3,380
537,3,381
538,3,382
539,3,383
540,0,950
540,3,950
541,0,951
541,3,951
542,3,384
543,3,385
544,3,386
547,3,388
548,3,389
549,3,390
550,3,391
554,3,395
555,3,836
557,3,397
558,3,398
560,3,400
561,3,837
562,3,401
563,3,402
566,3,405
571,3,838
572,3,839
573,3,840
575,3,411
576,3,841
577,3,412
579,3,414
580,3,415
583,3,842
584,3,418
586,3,843
588,3,844
592,3,846
593,3,422
594,0,952
594,3,952
597,3,425
599,3,848
600,3,426
601,3,849
602,3,427
603,3,850
604,3,428
606,3,429
609,0,953
609,3,953
610,3,851
611,3,432
612,0,954
612,3,954
613,0,955
613,3,955
618,0,956
618,3,956
620,3,438
621,3,439
624,3,441
625,3,853
626,3,854
628,3,443
629,3,444
630,3,445
631,3,446
632,3,447
633,3,448
635,0,957
635,3,957
637,3,451
638,3,452
641,3,454
644,3,457
646,3,458
648,3,856
649,3,460
650,3,857
651,3,858
652,3,461
653,0,958
653,3,958
655,3,463
656,3,464
657,3,465
658,3,466
659,3,467
660,3,468
661,3,469
662,3,470
666,3,474
667,3,475
668,3,476
669,3,477
670,3,478
673,3,481
674,0,959
674,3,959
675,3,482
676,3,483
677,3,484
678,3,485
679,3,486
681,3,488
683,3,489
684,3,490
686,3,492
687,3,493
689,3,495
690,0,960
690,3,960
691,3,859
694,3,497
695,3,861
696,3,862
697,3,498
700,3,499
701,3,500
703,3,863
704,3,502
707,3,505
708,3,506
709,3,864
711,3,508
712,3,509
713,3,510
714,3,865
715,3,866
716,3,867
717,3,511
719,3,512
720,3,513
722,3,515
723,3,516
724,3,517
725,3,518
727,3,870
729,3,520
731,0,961
731,3,961
733,3,521
734,3,522
737,3,873
739,3,874
741,3,875
742,3,526
743,3,527
744,3,528
745,3,529
746,3,530
747,3,531
748,3,532
749,3,533
751,3,535
752,0,962
752,3,962
753,3,536
754,3,537
755,3,876
758,3,539
759,3,540
761,3,542
763,3,544
764,3,545
765,3,546
768,3,878
770,3,550
771,3,551
772,3,552
773,0,963
773,3,963
774,3,553
775,3,554
776,0,964
776,3,964
778,3,556
779,3,557
780,3,558
781,3,559
782,3,560
783,3,879
784,3,561
785,3,562
786,3,563
787,3,564
788,3,565
789,3,566
790,3,567
791,3,568
793,3,880
794,3,570
796,3,881
797,3,571
798,0,965
798,3,965
799,3,572
800,3,573
801,3,882
802,3,574
803,3,575
805,3,577
806,3,883
807,0,966
807,3,966
809,3,578
810,3,579
811,3,580
812,3,581
814,3,583
815,3,584
817,3,585
818,3,586
819,3,587
821,3,589
822,0,967
822,3,967
823,3,590
824,3,591
825,3,592
826,3,885
827,3,593
828,3,594
829,3,595
830,3,886
831,3,596
832,3,597
834,3,887
835,3,599
838,3,600
839,3,889
840,3,601
842,3,891
843,3,602
844,0,968
844,3,968
846,3,604
847,3,605
848,3,606
849,3,607
850,3,892
854,3,610
855,3,611
856,3,612
858,3,614
859,3,894
860,0,969
860,3,969
861,3,615
862,3,616
864,3,895
865,3,618
866,3,896
867,3,619
868,3,620
869,3,897
870,3,898
871,3,621
872,0,970
872,3,970
874,3,623
875,3,624
876,3,625
877,3,626
878,3,899
879,3,627
880,3,628
881,3,629
882,3,630
883,3,631
885,3,633
886,3,900
887,3,634
889,0,971
889,3,971
890,3,635
891,3,636
892,3,637
894,3,638
895,3,639
896,3,640
897,3,641
898,3,642
899,3,643
901,3,645
902,3,646
903,3,647
905,3,648
906,3,649
908,3,650
910,3,652
911,3,653
912,0,972
912,3,972
914,3,654
917,3,657
919,3,659
920,3,660
921,3,906
922,3,661
923,3,907
924,3,908
925,3,662
926,3,663
927,3,664
928,3,665
929,3,666
930,3,667
931,3,668
932,3,669
933,3,670
934,3,671
935,3,672
936,3,673
937,3,674
938,0,973
938,3,973
939,3,675
942,3,909
943,3,678
945,3,910
946,3,680
947,3,911
950,3,683
951,3,684
953,3,685
954,3,686
955,3,687
956,3,913
957,3,688
959,3,689
960,3,690
961,3,691
962,0,974
962,3,974
963,3,915
964,3,692
965,3,693
966,3,694
968,3,696
969,3,697
971,3,699
972,3,916
974,3,700
976,3,702
977,3,703
978,3,704
979,3,705
980,3,917
981,3,706
982,3,707
984,3,709
985,3,710
987,3,918
989,3,713
990,3,714
991,3,715
992,0,975
992,3,975
994,3,717
995,3,718
996,0,976
996,3,976
998,3,719
1000,0,977
1000,3,977
